,runTime,Value,BestBound
0,0.007596015930175781,84.0,378.0
1,18.87990164756775,167.0,378.0
2,609.006774187088,201.0,378.0
3,1800.0872757434845,201.0,378.0
