,runTime,Value,BestBound
0,0.009552001953125,120.0,435.0
1,18.011181831359863,234.0,435.0
2,1009.32856965065,285.0,435.0
3,1800.0835032463074,285.0,435.0
