,runTime,Value
0,1311.7419183254242,202.0
1,2564.1763532161713,208.0
2,2564.181307554245,211.0
3,2628.77139544487,212.0
