,runTime,Value
0,1287.2595641613007,213.0
1,2483.6943097114563,214.0
2,3396.610141515732,217.0
3,3457.533391237259,218.0
4,3560.995128631592,219.0
5,3600.036538362503,220.0
6,3600.074738264084,221.0
