,runTime,Value
0,1448.369900226593,247.0
1,1572.1688339710236,248.0
2,1572.1772565841675,254.0
3,1752.859566450119,259.0
4,3425.0047154426575,261.0
