,runTime,Value
0,1120.5358362197876,227.0
1,3167.452913761139,242.0
