,runTime,Value
0,503.1182441711426,179.0
1,688.332371711731,180.0
2,688.3373885154724,181.0
3,782.933247089386,186.0
4,877.1651818752289,188.0
5,1032.936109304428,194.0
6,2233.059862613678,195.0
7,3270.4491806030273,197.0
8,3270.699849843979,198.0
