,runTime,Value
0,0.005875349044799805,48.0
1,3.0220751762390137,74.0
2,26.4935941696167,81.0
3,26.495593547821045,94.0
4,26.497594594955444,97.0
5,26.49859309196472,101.0
6,27.67018413543701,106.0
7,43.4670193195343,108.0
8,43.46901750564575,109.0
9,96.79559302330017,110.0
10,96.80909466743469,111.0
11,228.84622502326965,112.0
12,228.84842085838318,113.0
13,283.6528379917145,114.0
14,283.6590383052826,116.0
15,699.3561027050018,118.0
16,1505.4672236442566,120.0
