,runTime,Value
0,0.01094675064086914,84.0
1,11.842073202133179,152.0
2,13.744501829147339,172.0
3,1775.342934846878,201.0
4,1775.3519325256348,212.0
