,runTime,Value
0,0.011887788772583008,112.0
1,14.465955972671509,222.0
2,534.9198679924011,247.0
