,runTime,Value
0,1816.0885741710663,270.0
1,2012.5813722610474,274.0
2,2012.5894072055817,276.0
3,2012.5984933376312,278.0
