,runTime,Value
0,0.05515575408935547,23.0
1,12.363893985748291,29.0
