,runTime,Value
0,0.049097537994384766,24.0
1,12.191940307617188,28.0
