,runTime,Value
0,0.03782844543457031,21.0
1,11.319288730621338,25.0
