,runTime,Value
0,0.021572351455688477,18.0
1,18.212266206741333,20.0
