,runTime,Value
0,0.03621482849121094,20.0
1,25.02028465270996,22.0
