,runTime,Value
0,0.021996498107910156,15.0
1,5.661168813705444,16.0
