,runTime,Value
0,0.03611302375793457,22.0
1,10.88362431526184,24.0
