,runTime,Value
0,0.04176497459411621,23.0
1,12.606729507446289,26.0
