,runTime,Value
0,0.027423620223999023,17.0
1,25.948232173919678,21.0
