,runTime,Value
0,0.03275108337402344,16.0
1,31.39103889465332,19.0
