,runTime,Value
0,0.05957484245300293,26.0
1,13.32063889503479,30.0
