,runTime,Value
0,0.044586896896362305,22.0
1,11.84854531288147,27.0
