,runTime,Value
0,0.022594690322875977,17.0
1,10.266314029693604,18.0
