,runTime,Value
0,0.04107999801635742,18.0
1,30.514629364013672,23.0
