,runTime,Value
Heuristic,0.0,88.0
Heuristic,0.010158061981201172,88.0
Heuristic,14.135355949401855,161.0
Heuristic,40.93219804763794,205.0
Heuristic,65.48837447166443,216.0
Heuristic,89.77203059196472,218.0
Heuristic,171.68934869766235,225.0
Heuristic,187.41608500480652,227.0
Heuristic,191.23438811302185,230.0
Heuristic,207.15391063690186,232.0
Heuristic,223.31817865371704,233.0
Heuristic,255.7929162979126,235.0
Heuristic,283.83875465393066,236.0
Heuristic,415.18924260139465,237.0
Heuristic,507.3843677043915,240.0
Heuristic,1252.1452090740204,241.0
Heuristic,1252.1452090740204,243.0
Heuristic,1384.2118179798126,245.0
Heuristic,1671.9629254341125,246.0
Heuristic,1769.3277444839478,248.0
Heuristic,2340.0123765468597,249.0
