,runTime,Value,BestBound
0,0.01152658462524414,122.0,378.0
1,18.970653533935547,205.0,378.0
2,22.867050170898438,224.0,378.0
3,1800.0743246078491,224.0,378.0
