,runTime,Value
Heuristic,0.0,84.0
Heuristic,0.007030487060546875,84.0
Heuristic,7.847183465957642,98.0
Heuristic,11.69331431388855,108.0
Heuristic,12.12019419670105,110.0
Heuristic,16.412002563476562,111.0
Heuristic,20.27005696296692,112.0
Heuristic,25.072901725769043,115.0
Heuristic,29.32035994529724,117.0
Heuristic,65.61686730384827,122.0
Heuristic,71.17465853691101,123.0
Heuristic,360.30451941490173,124.0
Heuristic,384.1570236682892,125.0
Heuristic,700.1094508171082,126.0
