,runTime,Value
Heuristic,0.0,88.0
Heuristic,0.007997512817382812,88.0
Heuristic,16.406078815460205,113.0
Heuristic,25.169155597686768,117.0
Heuristic,33.093770027160645,119.0
Heuristic,41.55250406265259,124.0
Heuristic,51.17199182510376,126.0
Heuristic,61.284685373306274,127.0
Heuristic,101.53920221328735,129.0
Heuristic,110.87742805480957,130.0
Heuristic,120.2086272239685,131.0
Heuristic,160.59626531600952,132.0
