,runTime,Value
Heuristic,0.0,3.6000000000000017e+102
Heuristic,0.03801465034484863,21.0
Heuristic,13.489004373550415,22.0
