,runTime,Value
Heuristic,0.0,1.1899999999999999e+103
Heuristic,0.0695641040802002,26.0
Heuristic,15.537020206451416,30.0
