,runTime,Value
Heuristic,0.0,1.049999999999999e+103
Heuristic,0.05357646942138672,-4.0
