,runTime,Value
Heuristic,0.0,7.19999999999999e+102
Heuristic,0.04523968696594238,21.0
Heuristic,5.243211984634399,24.0
