,runTime,Value
Heuristic,0.0,7.699999999999988e+102
Heuristic,0.04383206367492676,22.0
Heuristic,12.355336666107178,26.0
