,runTime,Value
Heuristic,0.0,1.1899999999999999e+103
Heuristic,0.06218576431274414,-3.0
