,runTime,Value
Heuristic,0.0,7.19999999999999e+102
Heuristic,0.04474139213562012,-3.0
Heuristic,615.4434988498688,-2.0
