,runTime,Value
Heuristic,0.0,3.2000000000000014e+102
Heuristic,0.03103804588317871,-5.0
Heuristic,321.86561584472656,-4.0
Heuristic,340.18218755722046,-3.0
