,runTime,Value
Heuristic,0.0,3.0000000000000013e+102
Heuristic,0.024657011032104492,17.0
Heuristic,4.850337505340576,18.0
