,runTime,Value
Heuristic,0.0,3.0000000000000013e+102
Heuristic,0.029918193817138672,-5.0
