,runTime,Value
Heuristic,0.0,2.500000000000001e+102
Heuristic,0.03253936767578125,-3.0
