,runTime,Value
Heuristic,0.0,3.0000000000000013e+102
Heuristic,0.025485754013061523,18.0
Heuristic,7.234432935714722,20.0
