,runTime,Value
Heuristic,0.0,3.6000000000000017e+102
Heuristic,0.03523564338684082,-5.0
Heuristic,215.63778162002563,-4.0
