,runTime,Value
Heuristic,0.0,1.049999999999999e+103
Heuristic,0.05992889404296875,23.0
Heuristic,12.504028797149658,29.0
