,runTime,Value
Heuristic,0.0,5.999999999999996e+102
Heuristic,0.04066014289855957,21.0
Heuristic,11.286453247070312,25.0
