,runTime,Value
Heuristic,0.0,120.0
Heuristic,0.021445035934448242,15.0
Heuristic,1.9256176948547363,16.0
