,runTime,Value
Heuristic,0.0,7.699999999999988e+102
Heuristic,0.04215383529663086,-5.0
Heuristic,10.63056206703186,-4.0
