,runTime,Value
Heuristic,0.0,3.0000000000000013e+102
Heuristic,0.03185629844665527,-4.0
Heuristic,301.83328890800476,-3.0
Heuristic,595.7991437911987,-2.0
