,runTime,Value
Heuristic,0.0,4.300000000000002e+102
Heuristic,0.04325437545776367,18.0
Heuristic,14.833068132400513,23.0
