,runTime,Value
Heuristic,0.0,5.999999999999996e+102
Heuristic,0.039644479751586914,-4.0
