,runTime,Value
Heuristic,0.0,3.2000000000000014e+102
Heuristic,0.03337454795837402,19.0
Heuristic,11.205913782119751,21.0
