,runTime,Value
Heuristic,0.0,8.499999999999985e+102
Heuristic,0.047387123107910156,-4.0
Heuristic,11.439328670501709,-3.0
