,runTime,Value
Heuristic,0.0,1.0699999999999992e+103
Heuristic,0.050023794174194336,24.0
Heuristic,12.237246751785278,28.0
