,runTime,Value
Heuristic,0.0,1.0699999999999992e+103
Heuristic,0.0469667911529541,-3.0
