,runTime,Value
Heuristic,0.0,2.600000000000001e+102
Heuristic,0.02262139320373535,-4.0
