,runTime,Value
Heuristic,0.0,2.500000000000001e+102
Heuristic,0.030681133270263672,16.0
Heuristic,11.695741653442383,19.0
