,runTime,Value
Heuristic,0.0,4.300000000000002e+102
Heuristic,0.041176557540893555,-4.0
Heuristic,724.52441239357,-3.0
