,runTime,Value
Heuristic,0.0,8.499999999999985e+102
Heuristic,0.04640936851501465,22.0
Heuristic,11.806617021560669,27.0
