,runTime,Value
0,0.009681224822998047,72.0
1,10.99433946609497,124.0
2,61.57590174674988,133.0
3,507.71511602401733,161.0
4,507.72015285491943,164.0
5,507.7247099876404,168.0
6,592.0947966575623,179.0
7,592.1008133888245,183.0
8,592.1058371067047,185.0
9,633.3526518344879,190.0
10,824.7971198558807,192.0
11,824.8061192035675,195.0
12,824.811119556427,199.0
13,1800.0712523460388,200.0
