,runTime,Value
0,0.010824441909790039,96.0
1,12.536983728408813,172.0
2,91.44001722335815,180.0
3,306.1519124507904,220.0
4,1395.864205121994,235.0
5,1395.8702020645142,240.0
6,1395.8782017230988,242.0
7,1508.775642633438,248.0
8,1687.1886491775513,254.0
9,1687.2128267288208,255.0
