,runTime,Value
0,0.009202003479003906,100.0
1,11.365297794342041,148.0
2,67.51246118545532,150.0
3,216.697612285614,202.0
4,918.1145157814026,219.0
5,973.0293521881104,229.0
6,1063.0652315616608,233.0
7,1344.1511571407318,234.0
8,1344.1638584136963,235.0
