,runTime,Value
0,0.011399507522583008,120.0
1,14.131691217422485,222.0
