,runTime,Value
Heuristic,0.0,76.0
Heuristic,0.005445957183837891,76.0
Heuristic,6.573833227157593,90.0
Heuristic,11.414740562438965,100.0
Heuristic,14.00628113746643,106.0
Heuristic,16.113733530044556,107.0
Heuristic,21.872066974639893,109.0
Heuristic,24.730055570602417,110.0
Heuristic,30.865314722061157,111.0
Heuristic,82.66061902046204,113.0
Heuristic,84.92249941825867,114.0
