,runTime,Value
Heuristic,0.0,84.0
Heuristic,0.006039619445800781,84.0
Heuristic,23.975735902786255,105.0
Heuristic,36.14320492744446,113.0
Heuristic,39.840328216552734,120.0
Heuristic,45.995383501052856,133.0
Heuristic,60.96534466743469,134.0
Heuristic,64.72605061531067,136.0
Heuristic,391.9752633571625,146.0
Heuristic,1104.9570343494415,148.0
Heuristic,1105.789601802826,152.0
Heuristic,1111.905027627945,153.0
Heuristic,1147.0108804702759,155.0
Heuristic,1167.121569633484,156.0
