,runTime,Value
Heuristic,0.0,63.0
Heuristic,0.006070613861083984,63.0
Heuristic,5.7895941734313965,68.0
Heuristic,9.747127771377563,74.0
Heuristic,11.655189514160156,76.0
Heuristic,13.138283967971802,77.0
Heuristic,16.978851556777954,78.0
Heuristic,19.13351011276245,79.0
Heuristic,26.784483671188354,81.0
