,runTime,Value
Heuristic,0.0,76.0
Heuristic,0.007607221603393555,76.0
Heuristic,6.6853296756744385,90.0
Heuristic,11.529826641082764,100.0
Heuristic,15.788761854171753,104.0
Heuristic,21.078238487243652,108.0
Heuristic,53.12805724143982,110.0
Heuristic,85.42150092124939,111.0
Heuristic,87.69138836860657,112.0
Heuristic,90.56966590881348,114.0
